,precision,recall,f1-score,support
Carpet,0.0,0.0,0.0,426.0
Clay,0.5845788849347568,0.4743022136669875,0.5236981934112647,5195.0
Grass,0.4083333333333333,0.027574563871693866,0.051660516605166046,1777.0
Hard,0.6105030966318826,0.8248509857863365,0.7016722734142655,8724.0
accuracy,0.6022205681677211,0.6022205681677211,0.6022205681677211,0.6022205681677211
macro avg,0.4008538287249932,0.33168194083125446,0.3192577458576741,16122.0
weighted avg,0.5637343168084568,0.6022205681677211,0.5541373133634134,16122.0
