,precision,recall,f1-score,support
Carpet,0.436241610738255,0.48148148148148145,0.45774647887323944,135.0
Clay,0.453125,0.42028985507246375,0.4360902255639098,138.0
Grass,0.47019867549668876,0.4863013698630137,0.4781144781144781,146.0
Hard,0.3333333333333333,0.3120567375886525,0.32234432234432236,141.0
accuracy,0.425,0.425,0.425,0.425
macro avg,0.42322465489206923,0.42503236100140285,0.4235738762239874,560.0
weighted avg,0.42334441798603745,0.425,0.4236276589838753,560.0
