,precision,recall,f1-score,support
Carpet,0.389937106918239,0.4305555555555556,0.40924092409240925,144.0
Clay,0.4148148148148148,0.40875912408759124,0.4117647058823529,137.0
Grass,0.4098360655737705,0.34965034965034963,0.37735849056603776,143.0
Hard,0.3194444444444444,0.3382352941176471,0.32857142857142857,136.0
accuracy,0.3821428571428571,0.3821428571428571,0.3821428571428571,0.3821428571428571
macro avg,0.3835081079378172,0.38180008085278583,0.38173388727805707,560.0
weighted avg,0.38398495508455305,0.3821428571428571,0.3821257789497267,560.0
