,precision,recall,f1-score,support
Carpet,0.38461538461538464,0.4444444444444444,0.4123711340206186,135.0
Clay,0.49635036496350365,0.4722222222222222,0.4839857651245552,144.0
Grass,0.4959349593495935,0.4295774647887324,0.460377358490566,142.0
Hard,0.3125,0.3237410071942446,0.31802120141342755,139.0
accuracy,0.41785714285714287,0.41785714285714287,0.41785714285714287,0.41785714285714287
macro avg,0.4223501772321204,0.4174962846624109,0.41868886476229183,560.0
weighted avg,0.4236746316168995,0.41785714285714287,0.4195403306657968,560.0
