,precision,recall,f1-score,support
Carpet,0.40939597315436244,0.4621212121212121,0.43416370106761565,132.0
Clay,0.4928571428571429,0.4928571428571429,0.4928571428571429,140.0
Grass,0.5071428571428571,0.47333333333333333,0.4896551724137931,150.0
Hard,0.3893129770992366,0.3695652173913043,0.379182156133829,138.0
accuracy,0.45,0.45,0.45,0.45
macro avg,0.4496772375633997,0.44946922642574816,0.4489645431180952,560.0
weighted avg,0.451494442620534,0.45,0.45015182490975475,560.0
