,precision,recall,f1-score,support
Carpet,0.3925619834710744,0.6418918918918919,0.4871794871794872,148.0
Clay,0.4367816091954023,0.5428571428571428,0.4840764331210191,140.0
Grass,0.5172413793103449,0.32142857142857145,0.3964757709251101,140.0
Hard,0.2807017543859649,0.12121212121212122,0.1693121693121693,132.0
accuracy,0.4142857142857143,0.4142857142857143,0.4142857142857143,0.4142857142857143
macro avg,0.40682168159069665,0.4068474318474319,0.3842609651344464,560.0
weighted avg,0.40841968486334107,0.4142857142857143,0.3888019268182653,560.0
