,precision,recall,f1-score,support
Carpet,0.4063745019920319,0.6754966887417219,0.5074626865671643,151.0
Clay,0.4755244755244755,0.4892086330935252,0.4822695035460993,139.0
Grass,0.5523809523809524,0.3841059602649007,0.45312500000000006,151.0
Hard,0.29508196721311475,0.15126050420168066,0.19999999999999998,119.0
accuracy,0.4392857142857143,0.4392857142857143,0.4392857142857143,0.4392857142857143
macro avg,0.43234047427764366,0.42501794657545705,0.4107142975283159,560.0
weighted avg,0.43925844608318465,0.4392857142857143,0.42122178868669574,560.0
