,precision,recall,f1-score,support
Carpet,0.4307692307692308,0.3684210526315789,0.39716312056737585,152.0
Clay,0.46853146853146854,0.4589041095890411,0.46366782006920415,146.0
Grass,0.3776223776223776,0.4,0.38848920863309355,135.0
Hard,0.2847222222222222,0.3228346456692913,0.30258302583025826,127.0
accuracy,0.3892857142857143,0.3892857142857143,0.3892857142857143,0.3892857142857143
macro avg,0.3904113247863248,0.3875399519724778,0.3879757937749829,560.0
weighted avg,0.3946808226495727,0.3892857142857143,0.3909613991111703,560.0
