,model_name,time,mse,rmse,score
0,bagging,524.64,241.72198506647243,15.547410879836953,0.8595069867014226
1,adaboost,6.86,475.22022445638095,21.799546427767275,0.7237937571299393
2,gradientboost,1258.51,425.0442702537984,20.616601811496444,0.7529568926184786
3,stacking,1548.57,258.15370606446913,16.06716235258949,0.8499565852513632
