,model_name,time,mse,rmse,score
0,bagging,502.57,243.26506510653792,15.59695691814714,0.858610121798836
1,adaboost,6.46,475.22022445638095,21.799546427767275,0.7237937571299393
2,gradientboost,1253.67,425.0442702537984,20.616601811496444,0.7529568926184786
3,stacking,1553.54,258.15370606446913,16.06716235258949,0.8499565852513632
