,model_name,time,mse,rmse,score
0,bagging,105.17,321.6553371425969,17.934752218600536,0.8097810636653942
1,adaboost,6.62,450.8136927803597,21.2323736963242,0.7334000365498693
2,gradientboost,1305.89,431.2731006418407,20.767115847941927,0.7449558549142001
3,stacking,1067.05,351.4789201566179,18.74777107169324,0.792144141209794
