,model_name,time,mse,rmse,score
0,bagging,509.69,244.60450783099617,15.639837206026032,0.8578316144386211
1,adaboost,7.14,475.22022445638095,21.799546427767275,0.7237937571299393
2,gradientboost,1325.91,425.0442702537984,20.616601811496444,0.7529568926184786
3,stacking,1559.4,258.15370606446913,16.06716235258949,0.8499565852513632
